Email                              , First Name , Last Name   , Residential Address Street , Residential Address Locality         , Residential Address State, Residential Address Postcode, Postal Address Street      , Postal Address Locality              , Postal Address State, Postal Address Postcode, , , , , ,res_lat,res_lng,post_lat,post_lng
colton_tromp@gmail.com             , Darcy      , Waters      , 8540 Charli Summit         , AIRLIE BEACH                         , QLD                      , 4802                        ,-20.26751,148.71471, WA                  ,                    6315, , , ,11.0484487,-63.9786204
lindsay_bradtke@gmail.com          , Georgia    , Stewart     , 650 Harris Summit          , ARCTURUS                             , QLD                      , 4722                        ,-20.0,145.0, SA                  ,                    5173, , , ,-35.271229,138.4731095
jaime_kuphal@yahoo.com             , Joshua     , Schmidt     , 53 Klein Circle            , AMBLESIDE                            , TAS                      , 7310                        ,-41.45,146.1167, VIC                 ,                    3825, , , ,48.4784935,20.8768653
odell.king@hotmail.com             , Natalie    , Smith       , 545 Summer Avenue          , ALVIE                                , VIC                      , 3249                        ,-38.23333,143.5, NSW                 ,                    2648, , , ,48.037859,19.1423648
carlos@hotmail.com                 , Cameron    , Schneider   , 46 Becker Summit           , ALLANSFORD                           , VIC                      , 3277                        ,-6.88333,107.53333, VIC                 ,                    3691, , , ,48.2232757,14.9864396
june@gmail.com                     , Oscar      , King        , 727 Zoe Knoll              , ADELAIDE RIVER                       , NT                       , 846                         ,56.69722,9.84722, VIC                 ,                    3371, , , ,47.6201494,20.3592495
linsey.blanda@hotmail.com          , Mia        , Flatley     , 15 Hannah Circle           , ARMADALE                             , WA                       , 6112                        ,0.01637,109.33731, QLD                 ,                    4306, , , ,51.6506,4.00007
roger.prohaska@gmail.com           , Charles    , Wilson      , 85 Isaac Terrace           , ALEXANDRA HILLS                      , QLD                      , 3161                        ,-27.53221,153.22889, QLD                 ,                    4702, , , ,48.2314323,13.9464983
arthur@yahoo.com                   , Owen       , Carter      , 9300 Moss Run              , ANKETELL                             , WA                       , 6167                        ,32.668873,-90.037661, QLD                 ,                    4343, , , ,47.7588827,22.2756474
barrett@yahoo.com                  , Ashley     , Green       , 5023 Nader Lane            , ANDAMOOKA                            , SA                       , 5722                        ,46.39654,6.19169, WA                  ,                    6714, , , ,47.1767789,9.8178158
salvatore_schuppe@gmail.com        , Aidan      , Kuhlman     , 201 Durgan Mall            , ANNADALE                             , SA                       , 5356                        ,-34.39137,139.34886, QLD                 ,                    4572, , , ,47.7670578,14.1962861
karl@yahoo.com                     , Alexandra  , Clarke      , 6591 Natalie Meadow        , ARROWSMITH                           , WA                       , 6525                        ,32.668873,-90.037661, TAS                 ,                    7264, , , ,-40.9862592,148.0068497
karyn.kub@gmail.com                , Samantha   , Champlin    , 79 Eve Pass                , ADARE                                , QLD                      , 4343                        ,-27.51267,152.29537, QLD                 ,                    4477, , , ,-25.7862293,146.5973145
mackenzie_auer@gmail.com           , Cameron    , Haley       , 351 Heidi Court            , ALPHINGTON                           , VIC                      , 3078                        ,-37.7829,145.0226, QLD                 ,                    4807, , , ,-19.7063753,147.3553345
lea.cummings@hotmail.com           , Daniel     , Braun       , 80 Ernser Avenue           , ANNADALE                             , SA                       , 5356                        ,-34.39137,139.34886, VIC                 ,                    3851, , , ,48.2941877,21.0427043
julian@yahoo.com                   , Luke       , Dare        , 544 Sanford Pass           , AYLMERTON                            , NSW                      , 2575                        ,47.2808,7.83274, TAS                 ,                    7330, , , ,-40.9240192,144.9986757
sandee@yahoo.com                   , Blake      , Feeney      , 2442 Grimes Island         , ASHMONT                              , NSW                      , 2650                        ,-35.12491,147.33172, NSW                 ,                    2850, , , ,51.0934656,4.3738771
camille_hintz@yahoo.com            , William    , Walter      , 4945 Chloe Parkway         , MILLERBURGH                          , NSW                      , 1270                        ,55.61963,14.01975, ACT                 ,                    6202, , , ,9.4103203,123.2328507
twila_morar@yahoo.com              , Bella      , Lockman     , 8813 Emily Meadow          , ARMSTRONG CREEK                      , VIC                      , 3217                        ,-38.2583,144.3083, NSW                 ,                    2425, , , ,46.8726397,18.7690526
maryjo@yahoo.com                   , Lucy       , Stokes      , 888 Mackenzie Ridge        , AARONS PASS                          , NSW                      , 2850                        ,47.4116,7.83234, NSW                 ,                    2289, , , ,-32.940876,151.7104695
phillip@gmail.com                  , Archie     , Barton      , 41 Taylor View Rd          , ANGLEDOOL                            , NSW                      , 2834                        ,47.42903,7.70266, VIC                 ,                    3727, , , ,-36.2503224,145.9375249
sol@gmail.com                      , Jett       , Monahan     , 8845 Braun Hill            , ARMADALE                             , WA                       , 6112                        ,0.01637,109.33731, NSW                 ,                    2320, , , ,48.1124544,16.5258291
aileen.berge@yahoo.com             , Phoebe     , Dare        , 823 O'neill Place          , ALLENS RIVULET                       , TAS                      , 7150                        ,-43.2667,147.2333, NSW                 ,                    2431, , , ,47.0522286,18.7755137
ozie.herzog@gmail.com              , Lachlan    , Howell      , 91 Samantha Parkway        , ADAMS ESTATE                         , VIC                      , 3984                        ,-38.4167,145.5, WA                  ,                    6330, , , ,47.5833565,12.208168
deane_donnelly@gmail.com           , Alexander  , Walker      , 25 Grace Crescent          , APPILA                               , SA                       , 5480                        ,46.62863,6.54957, QLD                 ,                    4740, , , ,-27.5825693,-66.3142212
ona@hotmail.com                    , Summer     , Hand        , 24 Matilda Station St      , ARCOONA                              , SA                       , 5720                        ,46.43278,6.19621, QLD                 ,                    4660, , , ,-25.183957,152.3261899
oren.west@yahoo.com                , Archie     , Douglas     , 15 Alyssa Street           , ALBION PARK RAIL                     , NSW                      , 2527                        ,47.21596,7.58677, SA                  ,                    5159, , , ,-35.0774331,138.5917758
todd@yahoo.com                     , Riley      , West        , 2122 Goodwin Avenue        , ARCADIA SOUTH                        , VIC                      , 3631                        ,-36.4167,145.5, QLD                 ,                    4627, , , ,48.402782,22.2261565
loreta.bernier@hotmail.com         , Audrey     , Rohan       , 264 Maya Station St        , APPLECROSS                           , WA                       , 6153                        ,46.2404,6.91528, QLD                 ,                    4814, , , ,47.2861259,8.0047101
major_hermann@hotmail.com          , Natalie    , Hammes      , 33 Durgan Circle           , AREEGRA                              , VIC                      , 3480                        ,-36.3028,142.9681, NSW                 ,                    2350, , , ,-30.4333,151.6667
hunter@gmail.com                   , Edward     , Parisian    , 62 Lachlan Run             , ARKAROOLA VILLAGE                    , SA                       , 5732                        ,46.42811,6.24935, QLD                 ,                    4650, , , ,50.6070091,5.807163
lanny.fay@gmail.com                , Marcus     , Kutch       , 2245 Jett Square           , ARDROSSAN                            , SA                       , 5571                        ,46.86462,6.63414, QLD                 ,                    4819, , , ,51.5753,4.7687099
ruthie@yahoo.com                   , Eli        , Wood        , 157 Amy Crest              , ASHBOURNE                            , VIC                      , 3442                        ,-37.3174,144.5993, QLD                 ,                    4892, , , ,48.0229915,13.4285577
jim@yahoo.com                      , Phoenix    , Douglas     , 6855 Erdman Mews           , ARIAH PARK                           , NSW                      , 2665                        ,-34.5,147.1667, NSW                 ,                    2727, , , ,-35.033304,148.3244036
lise.lang@gmail.com                , Claire     , Anderson    ,                            , AVONSIDE                             , NSW                      , 2628                        ,-36.4105528,148.7200731, SA                  ,                    5159, , , ,-35.0774331,138.5917758
shery@hotmail.com                  , Callum     , Feeney      ,                            , PARISIANBERG                         , QLD                      , 7260                        ,-20.0,145.0, SA                  ,                    2880, , , ,47.6009134,15.9762592
pete@yahoo.com                     , Taylor     , Jerde       ,                            , AITKENVALE                           , QLD                      , 4814                        ,-19.298758,146.7694149, VIC                 ,                    3579, , , ,47.9752891,21.0636869
rosemarie@hotmail.com              , Maddison   , Morissette  ,                            , ANGURUGU                             , NT                       , 822                         ,-13.9795273,136.4613667, NSW                 ,                    2218, , , ,-33.9681378,151.1206758
fernando.fadel@gmail.com           , Isabel     , Grant       ,                            , AVOCA                                , NSW                      , 2577                        ,-34.615,150.4844444, NSW                 ,                    2515, , , ,-34.2982475,150.9374464
efrain@gmail.com                   , Justin     , Harber      ,                            , ADDINGTON                            , VIC                      , 3352                        ,-37.3854831,143.6842154, NSW                 ,                    2715, , , ,-34.5841853,143.4956245
armanda@hotmail.com                , Jasmine    , Durgan      ,                            , ABBA RIVER                           , WA                       , 6280                        ,-33.673978,115.5022645, VIC                 ,                    3549, , , ,-34.6151055,142.7648992
donald@hotmail.com                 , Zara       , Rohan       ,                            , AROONA                               , QLD                      , 4551                        ,-26.7826045,153.1159508, QLD                 ,                    4010, , , ,-27.433351,153.0438218
kaila.huel@hotmail.com             , Ryan       , Nicolas     ,                            , ARCADIA                              , QLD                      , 4819                        ,-19.1432945,146.8595739, QLD                 ,                    4625, , , ,48.398523,22.1729869
neil@hotmail.com                   , Annabelle  , Stokes      ,                            , ALFORD                               , SA                       , 5555                        ,-33.8168462,137.821986, NSW                 ,                    2469, , , ,-28.8729746,152.6828583
nelia@gmail.com                    , Chelsea    , Botsford    ,                            , ALBERTA                              , QLD                      , 4702                        ,-24.3466125,149.7766322, NSW                 ,                    2648, , , ,48.037859,19.1423648
emmett@hotmail.com                 , Angus      , Richards    ,                            , ASHWOOD                              , VIC                      , 3147                        ,-37.866672,145.1022346, VIC                 ,                    3475, , , ,-36.7405211,143.5252655
julia_abbott@gmail.com             , Joseph     , Goldner     ,                            , APSLEY                               , TAS                      , 7030                        ,-42.4326647,147.1444454, WA                  ,                    6167, , , ,47.1312042,11.330939
willian@gmail.com                  , Zoe        , Hackett     ,                            , ABERNETHY                            , NSW                      , 2325                        ,-32.8812789,151.3968519, SA                  ,                    5374, , , ,50.3525108,5.3134598
alfreda_will@gmail.com             , Sienna     , Schmitt     ,                            , APOINGA                              , SA                       , 5413                        ,-33.9094322,138.9299441, SA                  ,                    5353, , , ,50.4561012,5.2033904
lizzie_boehm@hotmail.com           , Alexander  , Parker      ,                            , ARCHERFIELD                          , QLD                      , 4108                        ,-27.569486,153.0087254, QLD                 ,                    4625, , , ,48.398523,22.1729869
carolann@gmail.com                 , Harrison   , Stanton     ,                            , AVOCA BEACH                          , NSW                      , 2251                        ,-33.465,151.4344444, NSW                 ,                    2714, , , ,-35.7868505,145.5066098
dustin.daniel@yahoo.com            , Lillian    , Quinn       ,                            , AVON VALLEY NATIONAL PARK            , WA                       , 6084                        ,-31.63111,116.1903, VIC                 ,                    3551, , , ,48.0056538,20.9040778
toby@gmail.com                     , Jesse      , Howe        ,                            , ATTADALE                             , WA                       , 6156                        ,-32.025346,115.8023457, SA                  ,                    5453, , , ,47.0049042,20.4180656
jamie.ondricka@hotmail.com         , Taylor     , Flatley     ,                            , ALBION                               , VIC                      , 3020                        ,-37.7772233,144.8243895, VIC                 ,                    3551, , , ,48.0056538,20.9040778
elbert.murray@yahoo.com            , Ellie      , Russel      ,                            , ALMA                                 , WA                       , 6535                        ,-28.2539205,114.6423558, NSW                 ,                    2575, , , ,47.0680225,7.1978004
dave@hotmail.com                   , Jack       , Morgan      ,                            , ARUMBERA                             , NT                       , 873                         ,-23.7801,133.81, NSW                 ,                    2320, , , ,48.1124544,16.5258291
rima@gmail.com                     , Georgia    , Adams       , 23 Bogan Parade            , AGNES BANKS                          , NSW                      , 2753                        ,-33.60944,150.71674, VIC                 ,                    3995, , , ,48.543879,21.4982796
lamont@hotmail.com                 , Sarah      , Boyle       , 3934 Levi Meadow           , ALBION                               , QLD                      , 4010                        ,47.35422,8.04123, VIC                 ,                    3099, , , ,-37.6367846,145.1987128
tod@yahoo.com                      , Abbey      , Wilderman   , 77 Lowe Lane               , ANTONYMYRE                           , WA                       , 6714                        ,32.668873,-90.037661, SA                  ,                    5311, , , ,51.80002,5.20155
shantell@hotmail.com               , Gemma      , Cox         , 31 Sam Track               , AUSTINS FERRY                        , TAS                      , 7011                        ,-42.7667,147.25, WA                  ,                    6714, , , ,47.1767789,9.8178158
margorie.larkin@gmail.com          , Eli        , Mayer       , 522 Scarlett Ridge         , AVONDALE                             , NSW                      , 2530                        ,47.15989,7.60157, NT                  ,                     822, , , ,22.924481,120.2430306
alton@gmail.com                    , Jessica    , James       , 2317 Emma Plaza            , NORTH LINCOLNSTAD                    , QLD                      , 6756                        ,-20.0,145.0, WA                  ,                    1267, , , ,46.4260449,6.2492768
karin@gmail.com                    , Alice      , Nolan       , 819 Oliver Circuit         , ARMSTRONG CREEK                      , QLD                      , 4520                        ,-27.21667,152.83333, TAS                 ,                    7216, , , ,-41.3073863,148.2285725
victor.bailey@gmail.com            , Archie     , Macdonald   , 83 Nader Drive             , EMMASIDE                             , WA                       , 9254                        ,37.10236,22.13575, SA                  ,                    8674, , , ,46.6552859,17.9697378
